alpha,D,n,trial,t_EFT,t_EST,t_SD,count_EFT,count_EST,count_SD
0.1,10,1024,1,0.00045400000090012327,0.00044499999785330147,0.00044049999996786937,232,163,8
0.1,10,1024,2,0.0004528999998001382,0.0004455999951460399,0.00043729999742936343,228,161,5
0.1,10,1024,3,0.00047449999692616984,0.0004442999997991137,0.00043110000115120783,229,153,8
0.1,10,1024,4,0.00048769999557407573,0.0004717999981949106,0.00044720000005327165,228,160,8
0.1,10,1024,5,0.0005739999978686683,0.0005553000009967946,0.0004650999981095083,233,149,5
0.1,10,1024,6,0.0005176000049686991,0.00048039999819593504,0.0005115999956615269,230,159,7
0.1,10,1024,7,0.0004625000001396984,0.0004578000007313676,0.00044490000436780974,231,160,7
0.1,10,1024,8,0.0004593999983626418,0.0004543000031844713,0.00046329999895533547,226,160,6
0.1,10,1024,9,0.00045849999878555536,0.00044269999489188194,0.00043849999929079786,237,161,7
0.1,10,1024,10,0.0004797000001417473,0.0004956999982823618,0.00043339999683666974,231,165,10
0.1,10,2048,1,0.0009281000020564534,0.0009114999993471429,0.0009252000018022954,460,317,7
0.1,10,2048,2,0.0010771999950520694,0.0010085000030812807,0.0010015000007115304,463,312,5
0.1,10,2048,3,0.0009213000012096018,0.0009062999961315654,0.0009363999997731298,456,302,5
0.1,10,2048,4,0.0009436000036657788,0.0010679999977583066,0.001256999996257946,453,311,5
0.1,10,2048,5,0.0009131000042543747,0.0008901000037440099,0.0009457000051042996,455,323,7
0.1,10,2048,6,0.001032899999700021,0.0010591000027488917,0.001018400005705189,446,318,7
0.1,10,2048,7,0.0008955000012065284,0.0008939000035752542,0.0008753000001888722,454,301,10
0.1,10,2048,8,0.0010354000041843392,0.000923999999940861,0.0008929999967222102,461,324,7
0.1,10,2048,9,0.0009074999979929999,0.0008965000015450642,0.0010925999958999455,442,307,8
0.1,10,2048,10,0.0009118000016314909,0.0008932000055210665,0.0008478999952785671,455,321,8
0.1,10,4096,1,0.0020975000006728806,0.0018479000063962303,0.002308300005097408,929,619,10
0.1,10,4096,2,0.0018855000016628765,0.002005899994401261,0.0019413000045460649,904,635,5
0.1,10,4096,3,0.0018564999991212972,0.0018471000003046356,0.0019065999949816614,919,623,7
0.1,10,4096,4,0.001825699997425545,0.002111399997374974,0.0017402000012225471,920,620,8
0.1,10,4096,5,0.0018334000051254407,0.0018123999980161898,0.0018829999971785583,918,629,6
0.1,10,4096,6,0.0018204999942099676,0.001845099999627564,0.0017417999988538213,899,629,6
0.1,10,4096,7,0.0019735999958356842,0.0018137000006390736,0.001803500003006775,924,625,10
0.1,10,4096,8,0.001883500000985805,0.0019570000004023314,0.0017539000036776997,901,645,13
0.1,10,4096,9,0.0019925000015064143,0.0021741000018664636,0.0020148000039625913,935,627,7
0.1,10,4096,10,0.0018599000031827018,0.0019859000021824613,0.0017840000000433065,915,642,10
0.1,10,8192,1,0.00388589999784017,0.003842500002065208,0.0036748000056832097,1819,1252,8
0.1,10,8192,2,0.004031899996334687,0.003881500000716187,0.003700699999171775,1847,1275,9
0.1,10,8192,3,0.004193499997199979,0.004421899997396395,0.0036140000011073425,1819,1280,13
0.1,10,8192,4,0.0037057000008644536,0.003886500002408866,0.0037933999992674217,1817,1277,8
0.1,10,8192,5,0.004230800004734192,0.0039450000040233135,0.0036841999972239137,1811,1272,11
0.1,10,8192,6,0.003798600002482999,0.004143000005569775,0.003942000003007706,1855,1280,6
0.1,10,8192,7,0.003965199997765012,0.003849900000204798,0.003840700002911035,1836,1269,4
0.1,10,8192,8,0.004221199997118674,0.0040463999976054765,0.0037193999960436486,1823,1246,8
0.1,10,8192,9,0.0038623000000370666,0.003963199997087941,0.0036479000045801513,1840,1240,7
0.1,10,8192,10,0.00400880000233883,0.003945500000554603,0.003708199998072814,1822,1235,8
0.1,10,16384,1,0.008515400004398543,0.008033699996303767,0.0076763999968534335,3684,2502,12
0.1,10,16384,2,0.007944299999508075,0.007779799998388626,0.0076945000037085265,3675,2530,12
0.1,10,16384,3,0.008103499996650498,0.007611100001668092,0.007318600000871811,3683,2582,12
0.1,10,16384,4,0.008150499998009764,0.007384099997580051,0.007906099999672733,3670,2537,11
0.1,10,16384,5,0.008757199997489806,0.008152299997163936,0.007891399996879045,3668,2543,9
0.1,10,16384,6,0.0076868000032845885,0.008114500000374392,0.008084499997494277,3640,2512,10
0.1,10,16384,7,0.00820699999894714,0.008350900003279094,0.007711499994911719,3669,2543,13
0.1,10,16384,8,0.008207999999285676,0.008274100000562612,0.007309000000532251,3633,2513,7
0.1,10,16384,9,0.00824319999810541,0.007827800000086427,0.007473800003936049,3682,2514,9
0.1,10,16384,10,0.008405000000493601,0.00873449999926379,0.007914400004665367,3628,2530,17
0.1,10,32768,1,0.01777099999890197,0.018686800001887605,0.016066600001067854,7322,5033,8
0.1,10,32768,2,0.017274000005272683,0.017460399998526555,0.015500599998631515,7286,5050,11
0.1,10,32768,3,0.01683979999506846,0.017378399999870453,0.015621600003214553,7322,5077,14
0.1,10,32768,4,0.015549699994153343,0.016840500000398606,0.016054600004281383,7300,5033,14
0.1,10,32768,5,0.01757240000006277,0.016927599994232878,0.015689200001361314,7300,5043,8
0.1,10,32768,6,0.01627120000193827,0.016349800003808923,0.01493559999653371,7312,5027,10
0.1,10,32768,7,0.016073300001153257,0.015952000001561828,0.015437499998370185,7271,5056,5
0.1,10,32768,8,0.016742499996325932,0.01672600000165403,0.015566299996862654,7338,5102,9
0.1,10,32768,9,0.016330300000845455,0.016182200000912417,0.015619199999491684,7334,5044,8
0.1,10,32768,10,0.01657149999664398,0.016262799996184185,0.014820800002780743,7308,5009,1
0.1,10,65536,1,0.03346060000330908,0.03381269999954384,0.029381000000284985,14569,10117,9
0.1,10,65536,2,0.03414880000491394,0.034476699998776894,0.030975299996498507,14639,10089,12
0.1,10,65536,3,0.0333427000005031,0.03417289999924833,0.029903800001193304,14585,10074,10
0.1,10,65536,4,0.03475169999728678,0.034321500002988614,0.02947449999919627,14592,10015,11
0.1,10,65536,5,0.03289010000298731,0.032407899998361245,0.028834400000050664,14564,10040,11
0.1,10,65536,6,0.03317860000242945,0.03422740000678459,0.03052900000329828,14705,10085,11
0.1,10,65536,7,0.03485739999450743,0.03614740000193706,0.030561699997633696,14599,10030,12
0.1,10,65536,8,0.034454799999366514,0.034029199996439274,0.030370500004210044,14657,10142,14
0.1,10,65536,9,0.035429799994744826,0.03464439999515889,0.029445799998939037,14659,10111,1
0.1,10,65536,10,0.035274800000479445,0.03479730000253767,0.03026089999912074,14695,10097,9
0.1,10,131072,1,0.0713711999997031,0.07004690000030678,0.06072649999987334,29252,20081,11
0.1,10,131072,2,0.07295149999845307,0.08934269999735989,0.06120999999984633,29255,20175,11
0.1,10,131072,3,0.07411010000214446,0.07092469999770401,0.06226500000047963,29379,20227,10
0.1,10,131072,4,0.0851494000016828,0.07519239999965066,0.06619749999663327,29192,20187,10
0.1,10,131072,5,0.07776780000131112,0.07510900000488618,0.06498980000469601,29251,20134,11
0.1,10,131072,6,0.0754843000031542,0.07525580000219634,0.06176170000253478,29370,20281,11
0.1,10,131072,7,0.07662539999728324,0.06983870000112802,0.06039920000330312,29285,20185,13
0.1,10,131072,8,0.0760768999971333,0.0750320000006468,0.06452600000193343,29230,20054,10
0.1,10,131072,9,0.07545860000391258,0.07183290000102716,0.06384399999660673,29259,20131,11
0.1,10,131072,10,0.07559250000485918,0.07918909999716561,0.06461490000219783,29414,20299,17
0.1,10,262144,1,0.16222250000282656,0.14862189999985276,0.1272409000011976,58502,40303,12
0.1,10,262144,2,0.17012350000004517,0.15788510000129463,0.1347609999938868,58558,40385,10
0.1,10,262144,3,0.1539351999963401,0.1600581999955466,0.1302572999993572,58508,40358,14
0.1,10,262144,4,0.14713060000212863,0.1482936999964295,0.12769249999837484,58389,40444,11
0.1,10,262144,5,0.14858960000128718,0.14949909999995725,0.12781660000473494,58589,40413,9
0.1,10,262144,6,0.15312319999793544,0.14704550000169547,0.12539909999759402,58544,40242,8
0.1,10,262144,7,0.15329729999939445,0.15025389999937033,0.13774589999957243,58484,40205,10
0.1,10,262144,8,0.15383599999768194,0.15512350000062725,0.12921130000177072,58622,40321,9
0.1,10,262144,9,0.1535615999964648,0.15330169999651844,0.13220830000500428,58592,40369,9
0.1,10,262144,10,0.15409329999965848,0.1489205000034417,0.12908400000014808,58746,40332,14
0.1,10,524288,1,0.32743670000490965,0.309872700003325,0.2907705999969039,116948,80546,13
0.1,10,524288,2,0.30586740000580903,0.297161500006041,0.25889659999666037,117182,80613,12
0.1,10,524288,3,0.3432725999955437,0.3206484999973327,0.26050080000277376,117136,80470,8
0.1,10,524288,4,0.32190219999756664,0.3686667000001762,0.26838750000024447,117258,80754,12
0.1,10,524288,5,0.3156068000025698,0.3060948999991524,0.2600382000018726,116994,80817,8
0.1,10,524288,6,0.3083755000043311,0.2993456999975024,0.259444600000279,117011,80393,9
0.1,10,524288,7,0.3077391999977408,0.30066599999554455,0.2585049999979674,117005,80729,13
0.1,10,524288,8,0.3029623000038555,0.3006632000033278,0.2575183999942965,116860,80727,12
0.1,10,524288,9,0.30829540000559064,0.3131329999960144,0.2554673999984516,116925,80673,19
0.1,10,524288,10,0.3065243000019109,0.2982188999958453,0.25448680000408785,117033,80367,15
0.1,10,1048576,1,0.6124964999980875,0.6088597999987542,0.5176350999972783,234189,161397,15
0.1,10,1048576,2,0.6227488000004087,0.6123242999965441,0.508743800004595,234197,161360,17
0.1,10,1048576,3,0.6258550999991712,0.6117689999955473,0.5215462999985903,233776,161319,15
0.1,10,1048576,4,0.6124571000036667,0.6112177999966661,0.5155525999944075,234158,161366,17
0.1,10,1048576,5,0.661977099996875,0.6233685999977752,0.5197396000003209,233984,161338,10
0.1,10,1048576,6,0.6317912999948021,0.6233057999997982,0.5218389999936335,233881,161198,8
0.1,10,1048576,7,0.6366957999998704,0.6160069999968982,0.5173715000055381,234232,161333,9
0.1,10,1048576,8,0.6329240999984904,0.6182456000024104,0.5177178000012645,233937,161239,17
0.1,10,1048576,9,0.6304342000003089,0.6180500999980723,0.5141165999957593,234554,161289,11
0.1,10,1048576,10,0.6291335999994772,0.6226590000005672,0.5349274999971385,234023,161405,11
1.0,10,1024,1,0.0005196000056457706,0.0005051000043749809,0.0004716000039479695,673,659,5
1.0,10,1024,2,0.0005282999991322868,0.0005162999950698577,0.0005124000017531216,694,676,7
1.0,10,1024,3,0.0005418000000645407,0.0006168000036268495,0.0005156000042916276,708,692,6
1.0,10,1024,4,0.0005480999971041456,0.0006012000012560748,0.0005855999988853,669,650,9
1.0,10,1024,5,0.0005576000039582141,0.0005131999932928011,0.0005728999967686832,681,663,9
1.0,10,1024,6,0.000622200001089368,0.0005564000020967796,0.0005410000012489036,653,638,7
1.0,10,1024,7,0.0006794000000809319,0.000571900003706105,0.0005311999993864447,674,649,5
1.0,10,1024,8,0.00056820000463631,0.0005321999997249804,0.0005166000046301633,684,670,2
1.0,10,1024,9,0.0005071999985375442,0.0005055000001448207,0.0004611000040313229,684,679,6
1.0,10,1024,10,0.0005440999957500026,0.00072340000042459,0.0005421000023488887,686,669,8
1.0,10,2048,1,0.0010881999987759627,0.0010747999986051582,0.0009834000011323951,1352,1315,8
1.0,10,2048,2,0.0010855000000447035,0.0010378000006312504,0.000989699998172,1355,1317,9
1.0,10,2048,3,0.0010140000013052486,0.0010273000007146038,0.0010416000004624948,1394,1361,11
1.0,10,2048,4,0.0010021999987657182,0.0010469999979250133,0.0011529999974300154,1366,1330,4
1.0,10,2048,5,0.0012347000010777265,0.0010962000014842488,0.001285000005736947,1355,1321,4
1.0,10,2048,6,0.001094899998861365,0.001072899998689536,0.0010745000035967678,1350,1324,7
1.0,10,2048,7,0.0011269000024185516,0.0010792999964905903,0.001068599995051045,1333,1294,11
1.0,10,2048,8,0.0010561000017332844,0.0010240999981760979,0.0009831000061240047,1353,1311,8
1.0,10,2048,9,0.0012806999948224984,0.001207000001159031,0.0010013999999500811,1351,1314,11
1.0,10,2048,10,0.001050400001986418,0.0012515999987954274,0.0011411000014049932,1375,1359,13
1.0,10,4096,1,0.0021634000004269183,0.002360999998927582,0.002040700004727114,2683,2612,8
1.0,10,4096,2,0.0024190999974962324,0.002129299995431211,0.0018943000031867996,2697,2620,11
1.0,10,4096,3,0.0020979999972041696,0.0021660999991581775,0.0020769999973708764,2706,2632,11
1.0,10,4096,4,0.0021601999978884123,0.002109000000928063,0.0021969000008539297,2711,2643,10
1.0,10,4096,5,0.0021743000033893622,0.0022945999953662977,0.002248799995868467,2711,2649,9
1.0,10,4096,6,0.0022533000010298565,0.0021723999961977825,0.0020030999949085526,2679,2615,10
1.0,10,4096,7,0.0024135999992722645,0.0022693000064464286,0.002091499998641666,2701,2649,14
1.0,10,4096,8,0.002169699997466523,0.0021863000001758337,0.0020523999992292374,2714,2659,10
1.0,10,4096,9,0.0021238999979686923,0.0021338000005926006,0.0020547999956761487,2703,2626,13
1.0,10,4096,10,0.00203719999990426,0.001986400005989708,0.002006000002438668,2701,2623,5
1.0,10,8192,1,0.004339799997978844,0.004603599998517893,0.0037604999961331487,5358,5229,9
1.0,10,8192,2,0.00453410000045551,0.004735499998787418,0.004119599994737655,5402,5271,9
1.0,10,8192,3,0.00417619999643648,0.004491300001973286,0.0037222000028123148,5397,5260,13
1.0,10,8192,4,0.004514300002483651,0.004302000001189299,0.0037331999992602505,5420,5286,6
1.0,10,8192,5,0.004637400001229253,0.0046091999975033104,0.00397289999818895,5416,5286,8
1.0,10,8192,6,0.004387100001622457,0.004663599997002166,0.004743800003780052,5432,5284,10
1.0,10,8192,7,0.004559400003927294,0.00473259999853326,0.004107499997189734,5415,5274,12
1.0,10,8192,8,0.004599899999448098,0.004700199999206234,0.004097400000318885,5439,5333,8
1.0,10,8192,9,0.004711300003691576,0.004905599998892285,0.0038850999990245327,5474,5338,4
1.0,10,8192,10,0.004782500000146683,0.004517699999269098,0.003798300000198651,5412,5278,7
1.0,10,16384,1,0.009553099996992387,0.009223699998983648,0.008058899999014102,10869,10591,10
1.0,10,16384,2,0.008756099996389821,0.009279599995352328,0.007870199995522853,10864,10614,9
1.0,10,16384,3,0.008467600004223641,0.009289299996453337,0.007699299996602349,10822,10555,4
1.0,10,16384,4,0.009041299999807961,0.009200899999996182,0.008447199994407129,10804,10503,6
1.0,10,16384,5,0.008604700000432786,0.009161699999822304,0.0076800999959232286,10830,10547,14
1.0,10,16384,6,0.009089799998037051,0.009112700005061924,0.008079700004600454,10784,10523,9
1.0,10,16384,7,0.008931299998948816,0.009337600000435486,0.007829900001524948,10882,10616,9
1.0,10,16384,8,0.008900799999537412,0.009287100001529325,0.007517899997765198,10796,10532,9
1.0,10,16384,9,0.009312100002716761,0.009162299997115042,0.008147900000039954,10858,10601,8
1.0,10,16384,10,0.009020299999974668,0.009281500002543908,0.007675699998799246,10821,10567,14
1.0,10,32768,1,0.019843800000671763,0.019922400002542417,0.01651069999934407,21667,21163,11
1.0,10,32768,2,0.01934379999875091,0.019301200001791585,0.01594370000384515,21724,21179,11
1.0,10,32768,3,0.018591799998830538,0.019901500003470574,0.016110500000650063,21680,21115,8
1.0,10,32768,4,0.018860100004530977,0.01878279999800725,0.015799500004504807,21658,21136,12
1.0,10,32768,5,0.018593099994177464,0.019551900004444178,0.016343299997970462,21594,21083,5
1.0,10,32768,6,0.025147300002572592,0.02769090000219876,0.018311300002096687,21685,21156,10
1.0,10,32768,7,0.018889300001319498,0.019009799994819332,0.01678350000292994,21762,21258,15
1.0,10,32768,8,0.018665499999769963,0.019431500004429836,0.015406599995912984,21760,21230,13
1.0,10,32768,9,0.01887949999945704,0.01927140000043437,0.015686300001107156,21616,21090,11
1.0,10,32768,10,0.019228800003475044,0.019282200002635363,0.016073400001914706,21652,21136,12
1.0,10,65536,1,0.04112780000286875,0.038981600002443884,0.031201099998725113,43194,42111,7
1.0,10,65536,2,0.04002310000214493,0.03978339999594027,0.03126299999712501,43161,42128,6
1.0,10,65536,3,0.037147499999264255,0.037408800002594944,0.031081300003279466,43337,42265,11
1.0,10,65536,4,0.03873590000148397,0.03820439999981318,0.0319519999975455,43262,42212,12
1.0,10,65536,5,0.041630700005043764,0.039336800000455696,0.03331349999643862,43196,42127,13
1.0,10,65536,6,0.03966000000218628,0.0377918000012869,0.031161400002019946,43351,42286,11
1.0,10,65536,7,0.04092089999903692,0.037536900003033224,0.03150380000442965,43440,42411,11
1.0,10,65536,8,0.03935549999732757,0.03800819999742089,0.031280399998649955,43450,42409,13
1.0,10,65536,9,0.03854390000196872,0.03811619999760296,0.03193679999822052,43454,42399,9
1.0,10,65536,10,0.03942829999868991,0.038846000003104564,0.031016499997349456,43289,42231,15
1.0,10,131072,1,0.08102230000076815,0.08178610000322806,0.06256049999501556,86682,84586,11
1.0,10,131072,2,0.07936149999295594,0.07830489999469137,0.064599499994074,86671,84585,8
1.0,10,131072,3,0.08425919999717735,0.08456339999975171,0.06016770000132965,86761,84719,10
1.0,10,131072,4,0.08207019999827025,0.08141440000326838,0.06089559999963967,86700,84593,11
1.0,10,131072,5,0.07890420000330778,0.07915320000029169,0.06525600000168197,86778,84722,8
1.0,10,131072,6,0.07873580000159563,0.07784530000208179,0.06380589999753283,86638,84478,15
1.0,10,131072,7,0.07845760000054725,0.07860810000420315,0.06292340000072727,86632,84524,15
1.0,10,131072,8,0.07900019999942742,0.07805990000633756,0.06340479999926174,86758,84679,9
1.0,10,131072,9,0.08082719999947585,0.08256809999875259,0.06361309999920195,86777,84755,9
1.0,10,131072,10,0.08216499999980442,0.07790860000386601,0.06307280000328319,86851,84780,12
1.0,10,262144,1,0.16558150000491878,0.1626763000022038,0.1280938000054448,173496,169375,17
1.0,10,262144,2,0.16554369999357732,0.16539819999889005,0.1271573999983957,173095,168854,11
1.0,10,262144,3,0.16717729999800213,0.16816019999532728,0.12940319999324856,173450,169199,9
1.0,10,262144,4,0.17050819999712985,0.1686896000028355,0.1357745999994222,172958,168663,10
1.0,10,262144,5,0.16825750000134576,0.16764979999425123,0.13080429999536136,173287,169103,12
1.0,10,262144,6,0.16998950000561308,0.16688939999585273,0.128907899998012,173080,168855,15
1.0,10,262144,7,0.16863800000282936,0.1657243000008748,0.13069899999391055,173465,169255,16
1.0,10,262144,8,0.17367680000461405,0.16910539999662433,0.13149369999882765,173092,168912,11
1.0,10,262144,9,0.17126130000542616,0.1685079999951995,0.1316542999993544,173200,168961,14
1.0,10,262144,10,0.1720421999998507,0.16729230000055395,0.13136389999999665,173383,169193,11
1.0,10,524288,1,0.3422430999999051,0.33992350000335136,0.263600199999928,345971,337656,14
1.0,10,524288,2,0.34768619999522343,0.338902199997392,0.2567473000017344,346390,337922,14
1.0,10,524288,3,0.3386324999955832,0.3378448000003118,0.2621806999959517,346685,338189,16
1.0,10,524288,4,0.3398693000053754,0.3429911000057473,0.2691065000035451,346705,338388,13
1.0,10,524288,5,0.3492885000014212,0.34083239999745274,0.2663033999997424,346635,338266,12
1.0,10,524288,6,0.3472075000026962,0.34457860000111395,0.2675273999993806,346070,337681,12
1.0,10,524288,7,0.3407579999984591,0.3462502999973367,0.25706889999855775,346553,338098,21
1.0,10,524288,8,0.35152280000329483,0.350750199999311,0.2715583999961382,346542,338061,14
1.0,10,524288,9,0.3501262999998289,0.34159579999686684,0.26630110000405693,346640,338300,17
1.0,10,524288,10,0.3627386000007391,0.3466716000039014,0.2660648999953992,346814,338455,15
1.0,10,1048576,1,0.7051445999968564,0.7002118000018527,0.5379943000007188,693702,676848,13
1.0,10,1048576,2,0.7052683000001707,0.6953521000032197,0.5258076000027359,693292,676491,9
1.0,10,1048576,3,0.7393043999982183,0.7041931999992812,0.5307073000003584,693235,676548,12
1.0,10,1048576,4,0.7016529999964405,0.7199276000028476,0.5410895999957575,693495,676790,19
1.0,10,1048576,5,0.6951821000038763,0.6940375000049244,0.5226683000000776,693569,676842,9
1.0,10,1048576,6,0.7033528000029037,0.712950399996771,0.5263121000025421,692996,676111,16
1.0,10,1048576,7,0.7024041999975452,0.6975900000034017,0.5274923000033596,693299,676292,18
1.0,10,1048576,8,0.7042707000000519,0.7010209000000032,0.534929599998577,693541,676845,11
1.0,10,1048576,9,0.7059239000009256,0.7095763999968767,0.5275056999962544,692652,675945,15
1.0,10,1048576,10,0.7178105999992113,0.7111344000004465,0.5399926000027335,693426,676831,11
5.0,10,1024,1,0.0005311999993864447,0.0005259999961708672,0.0004935999968438409,917,916,6
5.0,10,1024,2,0.000534200000402052,0.0005267000015010126,0.0004821999973501079,935,935,7
5.0,10,1024,3,0.0005395000043790787,0.000545599999895785,0.0004988999935449101,931,931,6
5.0,10,1024,4,0.0005318999974406324,0.0005249000023468398,0.00049560000479687,912,908,9
5.0,10,1024,5,0.0005433999976958148,0.0005975999956717715,0.0005116000029374845,916,915,10
5.0,10,1024,6,0.0005432000034488738,0.0005350999999791384,0.0004958999998052604,924,924,4
5.0,10,1024,7,0.0005585000035353005,0.0005418000000645407,0.0005027999941376038,914,912,7
5.0,10,1024,8,0.0005428000004030764,0.0005459999956656247,0.000501900001836475,922,922,4
5.0,10,1024,9,0.000552999998035375,0.0005423000038717873,0.000494699997943826,915,913,11
5.0,10,1024,10,0.0005544999949051999,0.0005548000044655055,0.0004947000052197836,935,935,8
5.0,10,2048,1,0.0010722000006353483,0.0010866000011446886,0.0010349000003770925,1856,1853,7
5.0,10,2048,2,0.0012257000053068623,0.0010973000025842339,0.0009550000031595118,1850,1849,14
5.0,10,2048,3,0.0009888000058708712,0.0010528999991947785,0.0009968999947886914,1846,1843,8
5.0,10,2048,4,0.00104750000173226,0.0010484000013093464,0.0010580000016489066,1851,1847,5
5.0,10,2048,5,0.0011022000035154633,0.0011477000007289462,0.0010053000005427748,1841,1839,13
5.0,10,2048,6,0.0010774000038509257,0.001061499999195803,0.0010333000027458183,1851,1849,6
5.0,10,2048,7,0.0011720000038621947,0.001142400004027877,0.0010820000024978071,1855,1852,8
5.0,10,2048,8,0.0011019000012311153,0.0010967999987769872,0.0010343999965698458,1855,1855,7
5.0,10,2048,9,0.0011146999968332238,0.001126099996326957,0.001037699999869801,1864,1861,8
5.0,10,2048,10,0.001152700002421625,0.0010917999970843084,0.0010564999975031242,1855,1848,9
5.0,10,4096,1,0.002239100002043415,0.0022303000005194917,0.0020416000043042004,3681,3677,9
5.0,10,4096,2,0.0020796999961021356,0.002081800004816614,0.0018647999968379736,3704,3699,5
5.0,10,4096,3,0.0021818999957758933,0.00218499999755295,0.0019589000003179535,3681,3677,5
5.0,10,4096,4,0.0025214999986928888,0.0022334000022965483,0.002124299993738532,3705,3701,10
5.0,10,4096,5,0.0021705999970436096,0.0021742999961134046,0.002043300002696924,3708,3701,9
5.0,10,4096,6,0.002289500000188127,0.002288099996803794,0.0021143000049050897,3658,3654,7
5.0,10,4096,7,0.0023344000001088716,0.0024685999960638583,0.0021771999963675626,3697,3692,7
5.0,10,4096,8,0.0022559999997611158,0.0023406999971484765,0.0020636000044760294,3723,3721,8
5.0,10,4096,9,0.002173100001527928,0.002290999997057952,0.002129899999999907,3684,3676,10
5.0,10,4096,10,0.0022450999967986718,0.002364399995713029,0.002381099999183789,3695,3690,7
5.0,10,8192,1,0.004941599996527657,0.0047374999994644895,0.004182799995760433,7381,7372,11
5.0,10,8192,2,0.0047474999955738895,0.004580600005283486,0.0036448000028030947,7382,7370,11
5.0,10,8192,3,0.004724200000055134,0.0048944000009214506,0.004244499999913387,7385,7379,15
5.0,10,8192,4,0.004458600000361912,0.004537000000709668,0.004163499994319864,7413,7399,9
5.0,10,8192,5,0.004784499993547797,0.004810899998119567,0.004288800002541393,7372,7358,16
5.0,10,8192,6,0.004767799997352995,0.004829099998460151,0.00425550000363728,7363,7346,8
5.0,10,8192,7,0.004876600003626663,0.004479600000195205,0.003988500000559725,7409,7400,4
5.0,10,8192,8,0.004659300000639632,0.0045922999997856095,0.0039877999952295795,7377,7365,16
5.0,10,8192,9,0.004299000000173692,0.004634400000213645,0.003915100001904648,7352,7340,10
5.0,10,8192,10,0.004278000000340398,0.004442899997229688,0.0038553999984287657,7395,7384,10
5.0,10,16384,1,0.009064999998372514,0.009560200000123587,0.008001700000022538,14779,14754,11
5.0,10,16384,2,0.009333400004834402,0.009201300003041979,0.008589600001869258,14756,14730,11
5.0,10,16384,3,0.009500100000877865,0.009729299999889918,0.007685000004130416,14811,14788,10
5.0,10,16384,4,0.009949300001608208,0.009271199996874202,0.008589900004153606,14768,14751,8
5.0,10,16384,5,0.009038299998792354,0.009355700000014622,0.008167699998011813,14763,14739,16
5.0,10,16384,6,0.009476200000790413,0.009539300001051743,0.008430199995927978,14724,14702,17
5.0,10,16384,7,0.009372199994686525,0.009390599996550009,0.008464899998216424,14777,14752,7
5.0,10,16384,8,0.008879799999704119,0.009434599996893667,0.008218699993449263,14730,14708,10
5.0,10,16384,9,0.009719200003019068,0.009834500000579283,0.00829410000005737,14811,14790,8
5.0,10,16384,10,0.00967520000267541,0.009521300002234057,0.008200899996154476,14828,14801,6
5.0,10,32768,1,0.019925299995520618,0.020222799998009577,0.01664780000282917,29584,29543,12
5.0,10,32768,2,0.019549700002244208,0.01965530000597937,0.015672599998652004,29624,29587,11
5.0,10,32768,3,0.018795300005876925,0.02013759999681497,0.016357999993488193,29590,29548,13
5.0,10,32768,4,0.019120699995255563,0.020141000000876375,0.01663189999817405,29551,29512,9
5.0,10,32768,5,0.019431499997153878,0.01981530000193743,0.016702900000382215,29462,29410,10
5.0,10,32768,6,0.019649300003948156,0.019937400000344496,0.01693850000447128,29465,29404,11
5.0,10,32768,7,0.018955799998366274,0.019417599993175827,0.016381200002797414,29597,29548,14
5.0,10,32768,8,0.01944970000477042,0.020153100005700253,0.016779700003098696,29587,29542,12
5.0,10,32768,9,0.018291099993803073,0.01976969999668654,0.01653420000366168,29536,29504,19
5.0,10,32768,10,0.018860899996070657,0.018783300001814496,0.015675199996621814,29591,29548,5
5.0,10,65536,1,0.03947570000309497,0.040653500000189524,0.03252510000311304,59105,59018,9
5.0,10,65536,2,0.04166540000005625,0.03879479999886826,0.03174359999684384,59086,58997,14
5.0,10,65536,3,0.04045619999669725,0.04043200000160141,0.03355759999976726,59184,59091,11
5.0,10,65536,4,0.04224209999665618,0.040290400000230875,0.03355810000357451,59109,59025,15
5.0,10,65536,5,0.04055740000330843,0.04033289999642875,0.03145510000467766,59020,58930,10
5.0,10,65536,6,0.04034710000269115,0.04000819999782834,0.03296059999411227,59029,58943,6
5.0,10,65536,7,0.03906039999856148,0.039987700001802295,0.031616300002497155,59160,59075,14
5.0,10,65536,8,0.04043910000473261,0.04081009999936214,0.03344459999789251,59247,59158,15
5.0,10,65536,9,0.0404595999934827,0.040555800005677156,0.03297819999716012,59041,58930,11
5.0,10,65536,10,0.03954439999506576,0.04064880000078119,0.032499699998879805,59127,59059,10
5.0,10,131072,1,0.08159410000371281,0.08323939999536378,0.06598129999474622,118327,118165,16
5.0,10,131072,2,0.08466670000052545,0.08248779999848921,0.0642946000007214,118271,118102,18
5.0,10,131072,3,0.08349679999810178,0.0812895999988541,0.062397200003033504,118218,118060,12
5.0,10,131072,4,0.0853724999979022,0.08334269999613753,0.06597499999770662,118241,118054,13
5.0,10,131072,5,0.08478749999630963,0.0832827999984147,0.06534280000050785,118367,118170,8
5.0,10,131072,6,0.08400540000002366,0.08250090000365162,0.06522469999617897,118249,118077,9
5.0,10,131072,7,0.08733560000109719,0.08408309999504127,0.07038910000119358,118264,118085,11
5.0,10,131072,8,0.08428689999709604,0.08264030000282219,0.06564710000384366,118209,118013,16
5.0,10,131072,9,0.08609380000416422,0.08074929999565938,0.06435490000149002,118319,118124,19
5.0,10,131072,10,0.08124320000206353,0.08271190000232309,0.06519809999736026,118284,118121,11
5.0,10,262144,1,0.17090640000242274,0.16911540000000969,0.12964189999911468,236095,235757,17
5.0,10,262144,2,0.17496530000062194,0.16998640000383602,0.1306207999950857,236822,236472,7
5.0,10,262144,3,0.170532700001786,0.17475710000144318,0.13247270000283606,236416,236059,11
5.0,10,262144,4,0.17149609999614768,0.17267450000508688,0.13220900000305846,236550,236207,11
5.0,10,262144,5,0.1743860999995377,0.17163740000250982,0.1302337999950396,236667,236359,21
5.0,10,262144,6,0.17374259999633068,0.17134229999646777,0.13184110000293003,236742,236364,12
5.0,10,262144,7,0.17577819999860367,0.17010989999835147,0.13168779999978142,236388,236031,13
5.0,10,262144,8,0.17382740000175545,0.17335150000144495,0.13518910000129836,236401,236080,10
5.0,10,262144,9,0.17177559999981895,0.1739240000024438,0.13489259999914793,236766,236422,15
5.0,10,262144,10,0.17734130000462756,0.17800960000022314,0.1355755999975372,236465,236122,7
5.0,10,524288,1,0.3580604000017047,0.3513563000014983,0.2621512999976403,473248,472619,9
5.0,10,524288,2,0.3641094999984489,0.3628268999964348,0.27504749999934575,473057,472373,14
5.0,10,524288,3,0.35729040000296663,0.3555863000001409,0.26432950000162236,473061,472427,12
5.0,10,524288,4,0.35278680000192253,0.3484870999964187,0.2646574000027613,472920,472251,9
5.0,10,524288,5,0.35662589999992633,0.3531894999978249,0.26282889999856707,472933,472225,18
5.0,10,524288,6,0.3484567000050447,0.35488339999574237,0.2617937000031816,473156,472472,15
5.0,10,524288,7,0.35346710000158055,0.3551971000051708,0.27012930000637425,472876,472202,16
5.0,10,524288,8,0.35921280000184197,0.3567387000002782,0.2629570999997668,472849,472129,11
5.0,10,524288,9,0.35057189999497496,0.3500188000034541,0.2595091999974102,473007,472308,14
5.0,10,524288,10,0.3445905999979004,0.34478669999953127,0.2621709000013652,472896,472191,16
5.0,10,1048576,1,0.7201130000030389,0.71634659999836,0.52781590000086,946086,944674,10
5.0,10,1048576,2,0.718824700001278,0.7194120999993174,0.522753899997042,945305,943981,16
5.0,10,1048576,3,0.712026799999876,0.7113129999997909,0.5197344999978668,946270,944909,17
5.0,10,1048576,4,0.7231702999997651,0.7155365999933565,0.5329867000036757,946308,944940,15
5.0,10,1048576,5,0.7564535999990767,0.7457522999975481,0.57687789999909,946313,944903,16
5.0,10,1048576,6,0.7592842999947607,0.75134230000549,0.563427099994442,945896,944521,10
5.0,10,1048576,7,0.7398734000016702,0.7339954999988549,0.5464028999995207,945981,944551,13
5.0,10,1048576,8,0.7235537999949884,0.7249749999973574,0.5354747000019415,945960,944584,10
5.0,10,1048576,9,0.7304980000044452,0.7177282000047853,0.531212099995173,945644,944296,18
5.0,10,1048576,10,0.7342977999942377,0.7250205000018468,0.5383617999978014,946422,945100,11
